outcome,model,term,b,SE,t,p,CI low,CI high
Hypertrophy,M1,Intercept,8.2105,1.2197,6.7318,0.0,5.7345,10.6865
Hypertrophy,M1,f_c,1.235,0.4235,2.916,0.0061,0.3752,2.0948
Hypertrophy,M1,w_c,-0.0712,0.1374,-0.5184,0.6075,-0.3501,0.2077
Hypertrophy,M1,age_c,-0.1919,0.2583,-0.7431,0.4624,-0.7162,0.3324
Hypertrophy,M1,male_c,-0.0027,5.0006,-0.0005,0.9996,-10.1544,10.1489
Hypertrophy,M1,trained,-2.0762,1.8308,-1.1341,0.2645,-5.7928,1.6405
Hypertrophy,M2,Intercept,9.0137,0.9689,9.3034,0.0,7.0468,10.9806
Hypertrophy,M2,f_c,0.69,0.4134,1.6691,0.104,-0.1493,1.5293
Hypertrophy,M2,s_c,2.395,0.6329,3.7844,0.0006,1.1102,3.6798
Hypertrophy,M2,w_c,-0.173,0.0896,-1.931,0.0616,-0.3549,0.0089
Hypertrophy,M2,age_c,-0.2692,0.1992,-1.3515,0.1852,-0.6735,0.1351
Hypertrophy,M2,male_c,-2.6155,5.2144,-0.5016,0.6191,-13.2013,7.9704
Hypertrophy,M2,trained,-3.8362,1.6974,-2.2601,0.0301,-7.2821,-0.3904
Hypertrophy,M3,Intercept,9.011,1.0271,8.7729,0.0,6.9258,11.0962
Hypertrophy,M3,f_c,0.6886,0.4356,1.5809,0.1229,-0.1957,1.5729
Hypertrophy,M3,s_c,2.3933,0.638,3.751,0.0006,1.098,3.6886
Hypertrophy,M3,f_c:s_c,0.0102,0.5684,0.018,0.9857,-1.1437,1.1642
Hypertrophy,M3,w_c,-0.1729,0.0913,-1.8932,0.0666,-0.3582,0.0125
Hypertrophy,M3,age_c,-0.269,0.2006,-1.341,0.1886,-0.6762,0.1382
Hypertrophy,M3,male_c,-2.6202,5.2636,-0.4978,0.6217,-13.3059,8.0654
Hypertrophy,M3,trained,-3.8339,1.7329,-2.2125,0.0335,-7.3518,-0.3161
Hypertrophy,M4,Intercept,8.5167,1.155,7.3736,0.0,6.1719,10.8615
Hypertrophy,M4,f_c,0.7279,0.4209,1.7293,0.0926,-0.1266,1.5825
Hypertrophy,M4,s_c,2.0191,0.682,2.9603,0.0055,0.6344,3.4037
Hypertrophy,M4,I(s_c ** 2),0.4862,0.6178,0.7869,0.4367,-0.7681,1.7405
Hypertrophy,M4,w_c,-0.2042,0.0961,-2.1258,0.0407,-0.3993,-0.0092
Hypertrophy,M4,age_c,-0.2666,0.203,-1.3131,0.1977,-0.6787,0.1456
Hypertrophy,M4,male_c,-2.7712,5.1556,-0.5375,0.5943,-13.2377,7.6953
Hypertrophy,M4,trained,-3.6284,1.7014,-2.1326,0.04,-7.0825,-0.1744
Strength,M1,Intercept,19.8733,1.7405,11.4183,0.0,16.3992,23.3473
Strength,M1,f_c,2.1587,0.8366,2.5803,0.0121,0.4888,3.8285
Strength,M1,w_c,-0.0359,0.1957,-0.1835,0.855,-0.4265,0.3547
Strength,M1,age_c,-0.1673,0.1924,-0.8696,0.3876,-0.5514,0.2168
Strength,M1,male_c,-1.8688,3.9614,-0.4718,0.6386,-9.7759,6.0382
Strength,M1,trained,-7.2191,2.2184,-3.2542,0.0018,-11.647,-2.7911
Strength,M2,Intercept,20.0238,1.6733,11.9668,0.0,16.6839,23.3637
Strength,M2,f_c,1.9753,0.8623,2.2907,0.0251,0.2541,3.6965
Strength,M2,s_c,0.8109,0.961,0.8438,0.4018,-1.1073,2.7291
Strength,M2,w_c,-0.0213,0.1967,-0.1085,0.9139,-0.414,0.3713
Strength,M2,age_c,-0.2028,0.188,-1.0788,0.2845,-0.578,0.1724
Strength,M2,male_c,-3.0203,4.4191,-0.6835,0.4967,-11.8408,5.8003
Strength,M2,trained,-7.5466,2.1445,-3.519,0.0008,-11.8271,-3.2661
Strength,M3,Intercept,20.4649,1.7306,11.8251,0.0,17.0105,23.9192
Strength,M3,f_c,2.2243,0.8764,2.5381,0.0135,0.4751,3.9736
Strength,M3,s_c,1.0615,0.9185,1.1556,0.2519,-0.7719,2.8949
Strength,M3,f_c:s_c,-1.5957,0.7609,-2.0972,0.0398,-3.1144,-0.077
Strength,M3,w_c,-0.0434,0.1908,-0.2275,0.8207,-0.4243,0.3374
Strength,M3,age_c,-0.222,0.1886,-1.1771,0.2433,-0.5983,0.1544
Strength,M3,male_c,-2.7217,4.3948,-0.6193,0.5378,-11.4938,6.0505
Strength,M3,trained,-7.8019,2.1694,-3.5963,0.0006,-12.132,-3.4717
Strength,M4,Intercept,21.1816,1.8741,11.3022,0.0,17.4408,24.9223
Strength,M4,f_c,1.833,0.845,2.1693,0.0336,0.1464,3.5197
Strength,M4,s_c,1.9335,1.1655,1.6589,0.1018,-0.3929,4.2599
Strength,M4,I(s_c ** 2),-1.0217,0.6977,-1.4644,0.1478,-2.4144,0.3709
Strength,M4,w_c,0.0186,0.2115,0.088,0.9302,-0.4036,0.4408
Strength,M4,age_c,-0.2323,0.1781,-1.3048,0.1964,-0.5878,0.1231
Strength,M4,male_c,-3.2686,4.3514,-0.7512,0.4552,-11.954,5.4168
Strength,M4,trained,-8.016,2.2395,-3.5794,0.0006,-12.486,-3.5459
