outcome,variant,term,b,low,high,p
Hypertrophy,"Main (WLS, clustered)",f_c,0.69,-0.149,1.529,0.104
Hypertrophy,"Main (WLS, clustered)",s_c,2.395,1.11,3.68,0.001
Hypertrophy,"Unweighted (OLS, clustered)",f_c,0.781,-0.172,1.734,0.105
Hypertrophy,"Unweighted (OLS, clustered)",s_c,2.241,0.863,3.618,0.002
Hypertrophy,Mixed model (study intercept),f_c,0.11,-0.711,0.931,0.792
Hypertrophy,Mixed model (study intercept),s_c,2.975,1.903,4.046,0.0
Hypertrophy,Log-ratio outcome,f_c,0.635,-0.131,1.402,0.101
Hypertrophy,Log-ratio outcome,s_c,2.237,1.069,3.405,0.0
Hypertrophy,No outliers,f_c,0.435,-0.212,1.082,0.18
Hypertrophy,No outliers,s_c,2.265,1.356,3.175,0.0
Strength,"Main (WLS, clustered)",f_c,1.975,0.254,3.697,0.025
Strength,"Main (WLS, clustered)",s_c,0.811,-1.107,2.729,0.402
Strength,"Unweighted (OLS, clustered)",f_c,2.079,0.377,3.78,0.017
Strength,"Unweighted (OLS, clustered)",s_c,0.234,-1.96,2.427,0.832
Strength,Mixed model (study intercept),f_c,1.194,0.19,2.199,0.02
Strength,Mixed model (study intercept),s_c,1.139,-0.314,2.593,0.124
Strength,Log-ratio outcome,f_c,1.678,0.255,3.1,0.022
Strength,Log-ratio outcome,s_c,0.753,-0.886,2.392,0.362
Strength,No outliers,f_c,2.089,0.343,3.834,0.02
Strength,No outliers,s_c,1.138,-0.729,3.005,0.228
