study,group,outcome,first_author,year,pct_change,log_ratio,freq,sets,weeks,age,male,status,n,design,measures,trained,freq_cat
1,1,Hypertrophy,Amirthalingam,2016,5.91442806284817,5.741798412928943,1.6666666666666667,15.0,6.0,22.4,100.0,trained,9.0,between,3,1,2
1,1,Strength,Amirthalingam,2016,12.841853752480858,12.03680510690886,1.6666666666666667,15.0,6.0,22.4,100.0,trained,9.0,between,3,1,2
1,2,Hypertrophy,Amirthalingam,2016,4.548375868691671,4.361455471491449,1.6666666666666667,23.333333333333332,6.0,21.8,100.0,trained,10.0,between,3,1,2
1,2,Strength,Amirthalingam,2016,4.442498465268454,4.345869160860679,1.6666666666666667,23.333333333333332,6.0,21.8,100.0,trained,10.0,between,3,1,2
2,1,Hypertrophy,Longo,2022,12.816166883963492,12.058946624543697,2.0,6.0,10.0,22.5,64.0,untrained,14.0,between,1,0,2
2,1,Strength,Longo,2022,25.10083036773428,22.394986909451386,2.0,6.0,10.0,22.5,64.0,untrained,14.0,between,1,0,2
2,2,Hypertrophy,Longo,2022,6.398416886543547,6.202051192289199,2.0,4.6,10.0,22.5,64.0,untrained,14.0,between,1,0,2
2,2,Strength,Longo,2022,30.61619718309858,26.70930444743288,2.0,4.6,10.0,22.5,64.0,untrained,14.0,between,1,0,2
3,1,Hypertrophy,Longo,2022,12.44444444444444,11.728908652310002,2.0,9.0,10.0,22.5,64.0,untrained,14.0,between,1,0,2
3,1,Strength,Longo,2022,29.310344827586217,25.704510298989113,2.0,9.0,10.0,22.5,64.0,untrained,14.0,between,1,0,2
3,2,Hypertrophy,Longo,2022,6.696891191709846,6.482183592242687,2.0,6.0,10.0,22.5,64.0,untrained,14.0,between,1,0,2
3,2,Strength,Longo,2022,26.364699006429,23.400197670631158,2.0,6.0,10.0,22.5,64.0,untrained,14.0,between,1,0,2
4,1,Hypertrophy,Tavares,2017,-2.2856333177106687,-2.312158880127744,1.0,8.0,8.0,22.7,100.0,trained,11.0,between,1,1,1 or fewer
4,1,Strength,Tavares,2017,3.013863773357444,2.969339292514635,1.0,8.0,8.0,22.7,100.0,trained,11.0,between,1,1,1 or fewer
4,2,Hypertrophy,Tavares,2017,-1.3560202330412627,-1.3652981565535585,2.0,8.0,8.0,23.1,100.0,trained,11.0,between,1,1,2
4,2,Strength,Tavares,2017,3.6791314837153157,3.613066968760903,2.0,8.0,8.0,23.1,100.0,trained,11.0,between,1,1,2
5,1,Hypertrophy,Starkey,1996,2.304110826238833,2.2615184277836575,3.0,3.0,14.0,34.3,50.0,untrained,14.0,between,10,0,3 or more
5,1,Strength,Starkey,1996,12.023566116505512,11.267698867705802,3.0,3.0,14.0,34.3,50.0,untrained,18.0,between,14,0,3 or more
5,2,Hypertrophy,Starkey,1996,2.922596920825146,2.864862172193268,3.0,9.0,14.0,34.9,47.0,untrained,17.0,between,10,0,3 or more
5,2,Strength,Starkey,1996,14.75487362481376,13.531260854977672,3.0,9.0,14.0,34.9,40.0,untrained,20.0,between,14,0,3 or more
6,1,Strength,Steele,2015,8.369948858315908,8.0380640029343,1.0,1.0,6.0,21.0,100.0,trained,9.0,between,1,1,1 or fewer
6,2,Strength,Steele,2015,9.931190610943979,9.468444417210248,1.0,3.0,6.0,21.0,100.0,trained,8.0,between,1,1,1 or fewer
7,1,Hypertrophy,Ronnestad,2007,11.183333333333339,10.576712075399127,3.0,9.0,11.0,26.6,100.0,untrained,8.333333333333334,between,3,0,3 or more
7,1,Strength,Ronnestad,2007,5.030000000000003,4.860858018026992,3.0,4.5,11.0,26.6,100.0,untrained,10.0,between,2,0,3 or more
7,2,Hypertrophy,Ronnestad,2007,8.439999999999998,8.08918377828526,3.0,11.0,11.0,26.5,100.0,untrained,9.0,between,3,0,3 or more
7,2,Strength,Ronnestad,2007,11.970000000000006,11.231250670357056,3.0,13.5,11.0,26.5,100.0,untrained,11.0,between,2,0,3 or more
8,1,Strength,Marshall,2011,11.073825503355705,10.502488887165836,2.0,2.0,6.0,25.5,100.0,trained,11.0,between,1,1,2
8,2,Strength,Marshall,2011,13.286713286713272,12.475170497247664,2.0,8.0,6.0,31.0,100.0,trained,11.0,between,1,1,2
8,3,Strength,Marshall,2011,19.753086419753085,18.026182383094405,2.0,16.0,6.0,26.0,100.0,trained,10.0,between,1,1,2
9,1,Hypertrophy,Evangelista,2021,13.197303850598567,12.347525969075226,2.0,26.0,8.0,26.2,100.0,untrained,35.0,between,4,0,2
9,1,Strength,Evangelista,2021,23.78686076894364,21.27920163640446,2.0,32.0,8.0,26.2,100.0,untrained,35.0,between,2,0,2
9,2,Hypertrophy,Evangelista,2021,12.487775533070636,11.760579017479461,4.0,28.0,8.0,27.5,100.0,untrained,32.0,between,4,0,3 or more
9,2,Strength,Evangelista,2021,22.952957111239897,20.56100394691375,4.0,32.0,8.0,27.5,100.0,untrained,32.0,between,2,0,3 or more
10,1,Strength,Kelly,2007,3.899057839755816,3.8249644123674145,2.0,2.0,8.0,23.16,57.14,untrained,14.0,between,1,0,2
10,2,Strength,Kelly,2007,16.808049769531486,15.53618012908997,2.0,6.0,8.0,23.56,55.56,untrained,18.0,between,1,0,2
11,1,Strength,Shigaki,2017,8.631921824104234,8.27951177684813,2.0,2.0,10.0,21.71,50.0,untrained,14.0,between,1,0,2
11,2,Strength,Shigaki,2017,6.301824212271974,6.111226019348454,2.0,6.0,10.0,21.73,50.0,untrained,15.0,between,1,0,2
12,1,Hypertrophy,Neves,2022,1.3944223107569635,1.3847896858793534,1.0,9.0,9.0,26.0,100.0,trained,12.0,within,1,1,1 or fewer
12,1,Strength,Neves,2022,17.678667383127355,16.27875661682958,1.0,9.0,9.0,26.0,100.0,trained,12.0,within,1,1,1 or fewer
12,2,Hypertrophy,Neves,2022,3.8652130822596544,3.792384452737833,3.0,9.0,9.0,26.0,100.0,trained,12.0,within,1,1,3 or more
12,2,Strength,Neves,2022,22.67290691627665,20.435133381889518,3.0,9.0,9.0,26.0,100.0,trained,12.0,within,1,1,3 or more
13,1,Hypertrophy,Correa,2022,9.942988526384612,9.466072960209473,2.0,32.0,8.0,26.3,100.0,trained,9.0,between,5,1,2
13,1,Strength,Correa,2022,6.113166820844896,5.918265859441123,2.0,40.0,8.0,26.3,100.0,trained,9.0,between,2,1,2
13,2,Hypertrophy,Correa,2022,8.913075430316805,8.499516573098797,4.0,32.0,8.0,24.9,100.0,trained,9.0,between,5,1,3 or more
13,2,Strength,Correa,2022,11.401854471161402,10.716771251990941,4.0,40.0,8.0,24.9,100.0,trained,9.0,between,2,1,3 or more
14,1,Hypertrophy,Zaroni,2019,9.796126159286127,9.340064124908402,4.666666666666667,24.0,8.0,25.6,100.0,trained,9.0,between,3,1,3 or more
14,1,Strength,Zaroni,2019,11.52910490902894,10.814564782543796,4.666666666666667,24.0,8.0,25.6,100.0,trained,9.0,between,3,1,3 or more
14,2,Hypertrophy,Zaroni,2019,4.9033781579410665,4.78373835219143,1.6666666666666667,24.0,8.0,26.4,100.0,trained,9.0,between,3,1,2
14,2,Strength,Zaroni,2019,7.8954893507421415,7.595299887284658,1.6666666666666667,24.0,8.0,26.4,100.0,trained,9.0,between,3,1,2
15,1,Strength,Candow,2007,23.53096142127221,21.060986148350132,3.0,18.0,6.0,43.0,20.0,untrained,15.0,between,2,0,3 or more
15,2,Strength,Candow,2007,28.727497108617406,25.245705234845936,2.0,18.0,6.0,46.0,21.4,untrained,14.0,between,2,0,2
16,1,Strength,Colquhoun,2018,10.603671892407744,10.06070176790355,2.6666666666666665,13.333333333333334,6.0,22.0,100.0,trained,16.0,between,3,1,3 or more
16,2,Strength,Colquhoun,2018,11.081093619031323,10.496224660579935,5.333333333333333,13.333333333333334,6.0,22.0,100.0,trained,12.0,between,3,1,3 or more
17,1,Hypertrophy,Gentil,2018,2.972972972972977,2.9296369488430973,1.0,12.0,10.0,21.7,100.0,trained,8.0,between,1,1,1 or fewer
17,1,Strength,Gentil,2018,-0.5371055631020939,-0.5392220666063061,1.0,12.0,10.0,21.7,100.0,trained,8.0,between,2,1,1 or fewer
17,2,Hypertrophy,Gentil,2018,1.1204481792717045,1.1142176553241803,2.0,12.0,10.0,22.8,100.0,trained,8.0,between,1,1,2
17,2,Strength,Gentil,2018,0.6608609052874208,0.658668334504251,2.0,12.0,10.0,22.8,100.0,trained,8.0,between,2,1,2
18,1,Hypertrophy,Schoenfeld,2019,2.7740191337811426,2.7247988671538885,3.0,7.5,8.0,23.8,100.0,trained,11.0,between,4,1,3 or more
18,1,Strength,Schoenfeld,2019,14.011010918905665,13.048564971143975,3.0,7.5,8.0,23.8,100.0,trained,11.0,between,2,1,3 or more
18,2,Hypertrophy,Schoenfeld,2019,5.224968295460387,5.078278192865565,3.0,22.5,8.0,23.8,100.0,trained,12.0,between,4,1,3 or more
18,2,Strength,Schoenfeld,2019,8.874621265469875,8.465662151734211,3.0,22.5,8.0,23.8,100.0,trained,12.0,between,2,1,3 or more
18,3,Hypertrophy,Schoenfeld,2019,9.67046722919164,9.179656574343737,3.0,37.5,8.0,23.8,100.0,trained,11.0,between,4,1,3 or more
18,3,Strength,Schoenfeld,2019,12.925408237448087,12.038659182296044,3.0,37.5,8.0,23.8,100.0,trained,11.0,between,2,1,3 or more
19,1,Strength,Gomes,2019,5.715095800481999,5.557336665951807,1.0,12.5,8.0,25.5,100.0,trained,12.0,between,2,1,1 or fewer
19,2,Strength,Gomes,2019,9.68725360730992,9.246289680013092,5.0,12.5,8.0,27.1,100.0,trained,11.0,between,2,1,3 or more
20,1,Strength,Franco,2021,19.85234352843489,17.819284968874765,1.0,8.5,8.0,22.8,100.0,untrained,9.0,between,3,0,1 or fewer
20,2,Strength,Franco,2021,20.45154463653784,18.422354415051732,4.25,8.5,8.0,21.4,100.0,untrained,9.0,between,3,0,3 or more
21,1,Strength,Kumar,2023,10.364533270446728,9.859688638899021,2.0,13.5,6.0,21.9,100.0,trained,15.0,between,4,1,2
21,2,Strength,Kumar,2023,10.147198784384676,9.661952210294626,3.0,13.5,6.0,21.1,100.0,trained,15.0,between,4,1,3 or more
22,1,Strength,Arazi,2021,28.778424135425592,24.33819694787951,2.0,14.666666666666666,8.0,19.8,100.0,trained,12.0,between,3,1,2
22,2,Strength,Arazi,2021,31.445764012409683,26.892046365791828,4.0,14.666666666666666,8.0,19.9,100.0,trained,13.0,between,3,1,3 or more
23,1,Hypertrophy,Brigatto,2022,1.1140725396983422,1.106166862602089,2.0,16.0,8.0,27.9,100.0,trained,9.0,between,3,1,2
23,1,Strength,Brigatto,2022,20.39938556067588,18.527832021244414,2.0,20.0,8.0,27.9,100.0,trained,9.0,between,2,1,2
23,2,Hypertrophy,Brigatto,2022,3.7084282347837223,3.6261654408073003,2.0,24.0,8.0,26.4,100.0,trained,9.0,between,3,1,2
23,2,Strength,Brigatto,2022,19.16853373164053,17.53161638674248,2.0,30.0,8.0,26.4,100.0,trained,9.0,between,2,1,2
23,3,Hypertrophy,Brigatto,2022,6.4958794018120125,6.263412609876178,2.0,32.0,8.0,27.1,100.0,trained,9.0,between,3,1,2
23,3,Strength,Brigatto,2022,26.68240850059032,23.64018597495447,2.0,40.0,8.0,27.1,100.0,trained,9.0,between,2,1,2
24,1,Strength,Ronnestad,2011,-1.922228524610817,-1.9409435557214032,1.0,3.0,12.0,22.0,100.0,trained,7.0,between,1,1,1 or fewer
24,2,Strength,Ronnestad,2011,-10.325837540156035,-10.898750234189183,0.5,1.5,12.0,26.0,100.0,trained,7.0,between,1,1,1 or fewer
25,1,Hypertrophy,Hamarsland,2022,19.23076923076923,17.58906664636642,2.0,12.0,9.0,25.5,61.5,trained,13.0,between,1,1,2
25,1,Strength,Hamarsland,2022,19.9195173696723,17.792040934920053,2.0,12.0,9.0,25.5,61.5,trained,13.0,between,4,1,2
25,2,Hypertrophy,Hamarsland,2022,20.833333333333336,18.924199963852832,4.0,12.0,9.0,26.8,37.5,trained,8.0,between,1,1,3 or more
25,2,Strength,Hamarsland,2022,20.322076736410274,18.125287487185904,4.0,12.0,9.0,26.8,37.5,trained,8.0,between,4,1,3 or more
26,1,Hypertrophy,Radaelli,2015,0.7987662346643807,0.7951758254705721,3.0,7.5,24.33,24.1,100.0,untrained,12.0,between,2,0,3 or more
26,1,Strength,Radaelli,2015,17.578864654319208,16.153144490062864,3.0,7.5,24.33,24.1,100.0,untrained,12.0,between,4,0,3 or more
26,2,Hypertrophy,Radaelli,2015,4.4436619718309895,4.2933765279199205,3.0,22.5,24.33,24.1,100.0,untrained,13.0,between,2,0,3 or more
26,2,Strength,Radaelli,2015,17.116230927989314,15.734692794574359,3.0,22.5,24.33,24.1,100.0,untrained,13.0,between,4,0,3 or more
26,3,Hypertrophy,Radaelli,2015,19.155626362569183,17.51536184770993,3.0,37.5,24.33,24.7,100.0,untrained,13.0,between,2,0,3 or more
26,3,Strength,Radaelli,2015,18.950852661478322,17.04575684583021,3.0,37.5,24.33,24.7,100.0,untrained,13.0,between,4,0,3 or more
27,1,Strength,Paulsen,2003,15.951281135022937,14.67858356169492,3.0,10.875,6.0,25.0,100.0,untrained,8.0,between,8,0,3 or more
27,2,Strength,Paulsen,2003,12.417734417595192,11.628834805762914,3.0,11.625,6.0,25.0,100.0,untrained,10.0,between,8,0,3 or more
28,1,Strength,Hackett,2018,17.38003953673097,15.974125971080525,1.5,16.0,12.0,23.7,100.0,trained,6.0,between,2,1,2
28,2,Strength,Hackett,2018,7.742453074433653,7.455406077311828,1.5,26.0,12.0,23.6,100.0,trained,6.0,between,2,1,2
29,1,Hypertrophy,Lasevicius,2019,13.060975873894648,12.220548777558374,2.0,30.0,10.0,21.0,100.0,trained,14.0,between,4,1,2
29,1,Strength,Lasevicius,2019,15.419788184428002,14.293152179047695,2.0,30.0,10.0,21.0,100.0,trained,14.0,between,2,1,2
29,2,Hypertrophy,Lasevicius,2019,7.632910555191417,7.2920615966876445,3.0,30.0,10.0,21.0,100.0,trained,14.0,between,4,1,3 or more
29,2,Strength,Lasevicius,2019,14.003428061836022,13.05141046418073,3.0,30.0,10.0,21.0,100.0,trained,14.0,between,2,1,3 or more
30,1,Hypertrophy,Brigatto,2019,8.164672455444968,7.830794384823967,1.0,16.0,8.0,28.6,100.0,trained,10.0,between,4,1,1 or fewer
30,1,Strength,Brigatto,2019,11.896246782869614,11.184127109744969,1.0,20.0,8.0,28.6,100.0,trained,10.0,between,2,1,1 or fewer
30,2,Hypertrophy,Brigatto,2019,8.732953065672158,8.340671078896275,2.0,16.0,8.0,25.5,100.0,trained,10.0,between,4,1,2
30,2,Strength,Brigatto,2019,12.26286042451039,11.50876972115066,2.0,20.0,8.0,25.5,100.0,trained,10.0,between,2,1,2
31,1,Strength,Johnsen,2021,9.892599429434469,9.417233175429516,2.0,18.5,8.0,30.6,100.0,trained,10.0,between,2,1,2
31,2,Strength,Johnsen,2021,10.575331521890226,10.0493579521078,4.0,18.5,8.0,24.8,100.0,trained,11.0,between,2,1,3 or more
32,1,Hypertrophy,Schoenfeld,2015,3.9318991186851657,3.8481337530341637,1.6666666666666667,14.333333333333334,8.0,23.5,100.0,trained,9.0,between,3,1,2
32,1,Strength,Schoenfeld,2015,8.702690455325108,8.3286580097744,1.5,14.0,8.0,23.5,100.0,trained,9.0,between,2,1,2
32,2,Hypertrophy,Schoenfeld,2015,7.20983528420679,6.95939339553147,3.0,14.333333333333334,8.0,23.5,100.0,trained,10.0,between,3,1,3 or more
32,2,Strength,Schoenfeld,2015,10.982747738270568,10.419919327892504,3.0,14.0,8.0,23.5,100.0,trained,10.0,between,2,1,3 or more
33,1,Strength,Fortes,2018,6.184751161993913,5.97701683645306,1.0,10.0,24.0,22.1,100.0,trained,10.0,between,6,1,1 or fewer
33,2,Strength,Fortes,2018,5.701475745937496,5.536985614173363,2.0,10.0,24.0,22.1,100.0,trained,11.0,between,6,1,2
33,3,Strength,Fortes,2018,5.755276916636753,5.566602770683427,3.0,10.0,24.0,22.1,100.0,trained,12.0,between,6,1,3 or more
34,1,Hypertrophy,Gentil,2015,5.457413249211358,5.313701954877237,1.0,12.0,10.0,23.1,100.0,untrained,15.0,between,1,0,1 or fewer
34,1,Strength,Gentil,2015,6.65747488674413,6.445234448769656,1.0,12.0,10.0,23.1,100.0,untrained,15.0,between,1,0,1 or fewer
34,2,Hypertrophy,Gentil,2015,7.046979865771819,6.809761627944029,2.0,12.0,10.0,22.8,100.0,untrained,15.0,between,1,0,2
34,2,Strength,Gentil,2015,12.85976729944886,12.097586469935816,2.0,12.0,10.0,22.8,100.0,untrained,15.0,between,1,0,2
35,1,Strength,Carroll,1998,31.230900447036888,26.85429199511053,2.0,12.0,6.0,19.4,40.0,untrained,5.0,between,6,0,2
35,2,Strength,Carroll,1998,10.567343074582027,9.44676874641965,3.0,18.0,6.0,17.7,50.0,untrained,6.0,between,6,0,3 or more
36,1,Hypertrophy,Heaselgrave,2019,3.7735849056603805,3.7041271680349075,1.0,9.0,6.0,20.1,100.0,trained,17.0,between,1,1,1 or fewer
36,1,Strength,Heaselgrave,2019,6.789738514097396,6.5502372967189295,1.0,9.0,6.0,20.1,100.0,trained,16.25,between,4,1,1 or fewer
36,2,Hypertrophy,Heaselgrave,2019,7.734806629834249,7.4502527297921075,2.0,18.0,6.0,19.5,100.0,trained,15.0,between,1,1,2
36,2,Strength,Heaselgrave,2019,10.067418614520909,9.508256262102321,2.0,18.0,6.0,19.5,100.0,trained,15.0,between,4,1,2
36,3,Hypertrophy,Heaselgrave,2019,5.376344086021498,5.236798551731594,2.0,27.0,6.0,20.5,100.0,trained,17.0,between,1,1,2
36,3,Strength,Heaselgrave,2019,11.094976244266354,10.481472158192819,2.0,27.0,6.0,20.5,100.0,trained,17.0,between,4,1,2
37,1,Strength,Thomas,2016,15.76306774362487,14.541547824169378,3.0,15.0,8.0,32.23,70.0,trained,10.0,between,2,1,3 or more
37,2,Strength,Thomas,2016,15.796227294654189,14.401177731602962,1.0,15.0,8.0,35.14,55.56,trained,9.0,between,2,1,1 or fewer
38,1,Hypertrophy,Barcelos,2018,12.444444444444448,11.728908652310022,5.0,15.0,8.0,23.0,100.0,untrained,19.0,mixed,1,0,3 or more
38,1,Strength,Barcelos,2018,37.77777777777778,32.04718952747718,5.0,15.0,8.0,23.0,100.0,untrained,19.0,mixed,1,0,3 or more
38,2,Hypertrophy,Barcelos,2018,11.320754716981142,10.72455303535978,3.0,9.0,8.0,23.0,100.0,untrained,10.0,mixed,1,0,3 or more
38,2,Strength,Barcelos,2018,35.714285714285715,30.53816495511819,3.0,9.0,8.0,23.0,100.0,untrained,10.0,mixed,1,0,3 or more
38,3,Hypertrophy,Barcelos,2018,11.353711790393021,10.754154160418654,2.0,6.0,8.0,23.0,100.0,untrained,9.0,mixed,1,0,2
38,3,Strength,Barcelos,2018,30.434782608695656,26.570316573300566,2.0,6.0,8.0,23.0,100.0,untrained,9.0,mixed,1,0,2
39,1,Hypertrophy,Saric,2019,8.983194504274636,8.549895946835054,3.0,16.0,6.0,22.6,100.0,trained,14.0,between,4,1,3 or more
39,1,Strength,Saric,2019,12.696321197208395,11.618955070495215,3.0,20.0,6.0,22.6,100.0,trained,14.0,between,2,1,3 or more
39,2,Hypertrophy,Saric,2019,6.73469772741204,6.408714472225553,6.0,16.0,6.0,22.6,100.0,trained,13.0,between,4,1,3 or more
39,2,Strength,Saric,2019,12.038475931417715,11.240939989545668,6.0,20.0,6.0,22.6,100.0,trained,13.0,between,2,1,3 or more
40,1,Strength,Hass,2000,7.781286107874241,7.425256733111855,3.0,3.9473684210526314,13.0,40.1,28.57,trained,21.0,between,19,1,3 or more
40,2,Strength,Hass,2000,11.524651822018194,10.807359378795052,3.0,11.842105263157896,13.0,39.2,28.57,trained,21.0,between,19,1,3 or more
41,1,Hypertrophy,Aube,2022,8.212702522458901,7.882499449574484,2.0,12.0,8.0,21.5,100.0,trained,13.0,between,2,1,2
41,1,Strength,Aube,2022,11.302575504910143,10.708221223151867,2.0,12.0,8.0,21.5,100.0,trained,13.0,between,1,1,2
41,2,Hypertrophy,Aube,2022,7.16158958737192,6.905672168236961,2.0,18.0,8.0,20.7,100.0,trained,12.0,between,2,1,2
41,2,Strength,Aube,2022,16.20402718668614,15.017731520168077,2.0,18.0,8.0,20.7,100.0,trained,12.0,between,1,1,2
41,3,Hypertrophy,Aube,2022,7.637304500214931,7.246989902371026,2.0,24.0,8.0,23.5,100.0,trained,10.0,between,2,1,2
41,3,Strength,Aube,2022,5.416477014110156,5.27487663082758,2.0,24.0,8.0,23.5,100.0,trained,10.0,between,1,1,2
42,1,Hypertrophy,Yue,2018,4.044409055750797,3.9639590389355983,3.3333333333333335,13.333333333333334,6.0,21.0,100.0,trained,9.0,between,3,1,3 or more
42,1,Strength,Yue,2018,12.968099861303745,12.18672663790684,3.0,18.0,6.0,21.0,100.0,trained,9.0,between,2,1,3 or more
42,2,Hypertrophy,Yue,2018,5.687131564085249,5.530736703368434,1.6666666666666667,13.333333333333334,6.0,28.0,100.0,trained,9.0,between,3,1,2
42,2,Strength,Yue,2018,15.079365079365079,14.043661526122525,1.5,18.0,6.0,28.0,100.0,trained,9.0,between,2,1,2
43,1,Strength,Naclerio,2013,8.206509252512523,7.848482346584123,2.0,6.0,6.0,23.3,50.0,untrained,6.0,between,3,0,2
43,2,Strength,Naclerio,2013,8.307852166003919,7.905288869831953,2.0,12.0,6.0,23.0,83.3,untrained,6.0,between,3,0,2
43,3,Strength,Naclerio,2013,17.173006802180623,15.847718159361149,2.0,18.0,6.0,23.9,62.5,untrained,8.0,between,3,0,2
44,1,Strength,Rhea,2002,22.39316076639139,20.177945263146984,2.75,2.75,12.0,22.0,100.0,trained,8.0,between,2,1,3 or more
44,2,Strength,Rhea,2002,40.081398771407876,33.336416335543554,2.75,8.25,12.0,20.0,100.0,trained,8.0,between,2,1,3 or more
45,1,Hypertrophy,Sooneste,2013,5.060754102467755,4.936860733861277,2.0,2.0,12.0,25.0,100.0,untrained,7.0,within,1,0,2
45,1,Strength,Sooneste,2013,19.780219780219788,18.04883757122938,2.0,2.0,12.0,25.0,100.0,untrained,8.0,within,1,0,2
45,2,Hypertrophy,Sooneste,2013,15.951481165427287,14.80016518054461,2.0,6.0,12.0,25.0,100.0,untrained,7.0,within,1,0,2
45,2,Strength,Sooneste,2013,30.769230769230777,26.826398659467937,2.0,6.0,12.0,25.0,100.0,untrained,8.0,within,1,0,2
46,1,Strength,McBride,2003,21.5816092329859,19.061150975101903,2.0,2.0,12.0,22.09,53.57,untrained,9.0,between,2,0,2
46,2,Strength,McBride,2003,37.00365017000137,30.75355448490664,2.0,12.0,12.0,20.04,53.57,untrained,9.0,between,2,0,2
47,1,Strength,Baker,2013,21.973377828298414,19.803205508502828,3.0,12.0,8.0,19.8,100.0,trained,8.0,between,3,1,3 or more
47,2,Strength,Baker,2013,19.426344164040586,17.740845204476155,3.0,36.0,8.0,20.0,100.0,trained,8.0,between,3,1,3 or more
48,1,Hypertrophy,Bottaro,2011,4.815756484277063,4.678194611442577,2.0,4.0,12.0,22.2,100.0,untrained,11.0,between,2,0,2
48,1,Strength,Bottaro,2011,11.034597721220347,10.467042533728083,2.0,4.0,12.0,22.2,100.0,untrained,11.0,between,2,0,2
48,2,Hypertrophy,Bottaro,2011,1.4869537424453743,1.3812558103132433,2.0,4.0,12.0,23.4,100.0,untrained,13.0,between,2,0,2
48,2,Strength,Bottaro,2011,8.520328300717948,8.127676586854514,2.0,4.0,12.0,23.4,100.0,untrained,13.0,between,2,0,2
49,1,Strength,Serra,2018,17.77724767450411,16.329972369211053,2.0,12.0,12.0,35.38461538461539,53.85,untrained,26.0,between,3,0,2
49,2,Strength,Serra,2018,22.53739835970453,20.232401528328435,3.0,18.0,12.0,34.75,68.75,untrained,32.0,between,3,0,3 or more
49,3,Strength,Serra,2018,27.427788057108188,24.142971720375954,4.0,24.0,12.0,34.95625,43.75,untrained,16.0,between,3,0,3 or more
50,1,Strength,McLester,2000,24.836435911738118,21.954899345543655,1.0,5.0,12.0,26.0,78.0,trained,9.0,between,9,1,1 or fewer
50,2,Strength,McLester,2000,36.92753677852019,30.935261638305697,3.0,5.0,12.0,23.8,56.0,trained,9.0,between,9,1,3 or more
51,1,Hypertrophy,Mitchell,2012,11.746684738685934,10.939422180007677,3.0,3.0,12.0,21.0,100.0,untrained,12.0,mixed,3,0,3 or more
51,1,Strength,Mitchell,2012,28.72118843201755,25.247256074194027,3.0,3.0,12.0,21.0,100.0,untrained,12.0,mixed,2,0,3 or more
51,2,Hypertrophy,Mitchell,2012,12.920493270661852,12.07602385532176,3.0,9.0,12.0,21.0,100.0,untrained,12.0,mixed,3,0,3 or more
51,2,Strength,Mitchell,2012,35.73913518274556,30.556445820446427,3.0,9.0,12.0,21.0,100.0,untrained,12.0,mixed,2,0,3 or more
52,1,Hypertrophy,Ostrowski,1997,4.0257412838058,3.929063229987019,1.3333333333333333,4.333333333333333,10.0,23.2,100.0,trained,9.0,between,3,1,2
52,1,Strength,Ostrowski,1997,5.7380322467927884,5.566141920681846,1.5,5.0,10.0,23.2,100.0,trained,9.0,between,2,1,2
52,2,Hypertrophy,Ostrowski,1997,3.7183073963979716,3.639272948762175,1.3333333333333333,8.666666666666666,10.0,23.7,100.0,trained,9.0,between,3,1,2
52,2,Strength,Ostrowski,1997,5.217699595679198,5.085825287910081,1.5,10.0,10.0,23.7,100.0,trained,9.0,between,2,1,2
52,3,Hypertrophy,Ostrowski,1997,8.083548664944013,7.717653385759263,1.3333333333333333,17.333333333333332,10.0,22.9,100.0,trained,9.0,between,3,1,2
52,3,Strength,Ostrowski,1997,6.747819514475247,6.427756631914737,1.5,20.0,10.0,22.9,100.0,trained,9.0,between,2,1,2
53,1,Strength,Arazi,2011,9.269843644938263,8.857656641909932,1.0,3.0,8.0,20.2,100.0,untrained,10.0,between,2,0,1 or fewer
53,2,Strength,Arazi,2011,11.812680491322045,11.124360048611566,2.0,3.0,8.0,20.4,100.0,untrained,10.0,between,2,0,2
53,3,Strength,Arazi,2011,10.302742678271347,9.76303599453647,1.5,3.0,8.0,20.33,100.0,untrained,9.0,between,2,0,2
54,1,Hypertrophy,Ochi,2018,12.708715608864019,11.950305023199661,1.0,6.0,11.0,22.3,100.0,untrained,10.0,between,4,0,1 or fewer
54,1,Strength,Ochi,2018,48.32853444721563,39.39502549920281,1.0,6.0,10.0,22.3,100.0,untrained,10.0,between,2,0,1 or fewer
54,2,Hypertrophy,Ochi,2018,12.865948577016226,12.077034829609675,3.0,6.0,11.0,22.3,100.0,untrained,10.0,between,4,0,3 or more
54,2,Strength,Ochi,2018,55.53464110506786,44.13222428996326,3.0,6.0,10.0,22.3,100.0,untrained,10.0,between,2,0,3 or more
55,1,Strength,Humburg,2007,8.15571098289273,7.834441834930303,3.0,2.454545455,11.0,26.5,59.1,untrained,22.0,within,4,0,3 or more
55,2,Strength,Humburg,2007,14.640510406164037,13.65922661601905,3.0,7.363636364,11.0,26.5,59.1,untrained,22.0,within,4,0,3 or more
56,1,Strength,Schlumberger,2001,5.39868747183416,5.250419032985809,2.0,2.0,6.0,29.1,0.0,trained,9.0,between,2,1,2
56,2,Strength,Schlumberger,2001,13.099197808648015,12.281211669636804,2.0,6.0,6.0,24.4,0.0,trained,9.0,between,2,1,2
57,1,Hypertrophy,Barcelos,2015,4.572309273054203,4.470860089252319,2.0,2.0,8.0,22.0,100.0,untrained,10.0,between,1,0,2
57,1,Strength,Barcelos,2015,23.076923076923077,20.763936477824455,2.0,2.0,8.0,22.0,100.0,untrained,10.0,between,1,0,2
57,2,Hypertrophy,Barcelos,2015,6.403304931577591,6.206645182406518,2.0,6.0,8.0,21.0,100.0,untrained,10.0,between,1,0,2
57,2,Strength,Barcelos,2015,26.666666666666668,23.638877806423032,2.0,6.0,8.0,21.0,100.0,untrained,10.0,between,1,0,2
58,1,Strength,Barcelos,2015,29.629629629629626,25.951119548508462,2.0,2.0,8.0,22.0,100.0,untrained,10.0,between,1,0,2
58,2,Hypertrophy,Barcelos,2015,4.853387259858439,4.739287660681522,2.0,6.0,8.0,21.0,100.0,untrained,10.0,between,1,0,2
58,2,Strength,Barcelos,2015,27.368421052631582,24.19136539962002,2.0,6.0,8.0,21.0,100.0,untrained,10.0,between,1,0,2
59,1,Hypertrophy,Roth,2023,0.44102274424251625,0.43892819496705027,2.0,12.0,6.0,27.42,100.0,trained,19.0,between,2,1,2
59,2,Hypertrophy,Roth,2023,-1.1051541835406273,-1.1411366846612792,2.0,20.0,6.0,25.58,100.0,trained,19.0,between,2,1,2
60,1,Strength,Rebai,2013,-4.942542069289294,-5.068865689437577,3.0,36.0,4.0,18.3,100.0,trained,10.0,between,1,1,3 or more
60,2,Strength,Rebai,2013,8.6494531133222,8.295648723018545,3.0,27.0,4.0,18.5,100.0,trained,10.0,between,1,1,3 or more
61,1,Strength,Martin-Hernandez,2013,5.972726963052131,5.796904746810217,2.0,8.0,5.0,20.3,100.0,untrained,10.0,between,3,0,2
61,2,Strength,Martin-Hernandez,2013,3.646743663614139,3.565187645598313,2.0,16.0,5.0,21.1,100.0,untrained,10.0,between,3,0,2
62,1,Strength,Braith,1989,12.597515169026282,11.86494617033648,2.0,2.0,10.0,26.0,52.0,untrained,25.0,between,1,0,2
62,2,Strength,Braith,1989,19.378140703517605,17.71259220249752,3.0,3.0,10.0,26.9,47.0,untrained,19.0,between,1,0,3 or more
63,1,Strength,Braith,1989,20.815217391304355,18.90920633611654,2.0,2.0,18.0,24.5,52.0,untrained,25.0,between,1,0,2
63,2,Strength,Braith,1989,26.88946015424165,23.814612897273182,3.0,3.0,18.0,24.9,55.0,untrained,22.0,between,1,0,3 or more
64,1,Strength,DeMichele,1997,7.894410326792248,7.3388142377887755,1.0,2.0,12.0,28.6,50.0,untrained,16.0,between,7,0,1 or fewer
64,2,Strength,DeMichele,1997,18.206766486163513,16.627047901456663,2.0,4.0,12.0,26.7,53.0,untrained,17.0,between,7,0,2
64,3,Strength,DeMichele,1997,14.117849276935948,13.040159967426225,3.0,6.0,12.0,31.1,60.0,untrained,15.0,between,7,0,3 or more
65,1,Hypertrophy,Hammarström,2020,3.5403645295597967,3.4791346143555564,2.583,5.166666667,12.0,22.8,47.06,untrained,34.0,within,1,0,3 or more
65,1,Strength,Hammarström,2020,20.34178393485315,17.89450873122904,2.583,5.166666667,12.0,22.8,47.06,untrained,34.0,within,6,0,3 or more
65,2,Hypertrophy,Hammarström,2020,5.011024854971126,4.889515727623558,2.583,15.5,12.0,22.8,47.06,untrained,34.0,within,1,0,3 or more
65,2,Strength,Hammarström,2020,24.877688981755714,21.697960330301186,2.583,15.5,12.0,22.8,47.06,untrained,34.0,within,6,0,3 or more
66,1,Hypertrophy,Enes,2023,3.16207796757611,3.111288559854697,2.0,21.14142857,14.0,24.2,100.0,trained,10.0,between,2,1,2
66,1,Strength,Enes,2023,8.453237410071942,8.114890247660298,2.0,21.14142857,14.0,24.2,100.0,trained,10.0,between,1,1,2
66,2,Hypertrophy,Enes,2023,7.293115235533772,7.021799994720739,2.0,29.71285714,14.0,25.1,100.0,trained,10.0,between,2,1,2
66,2,Strength,Enes,2023,12.534530386740315,11.808992533195433,2.0,29.71285714,14.0,25.1,100.0,trained,10.0,between,1,1,2
66,3,Hypertrophy,Enes,2023,9.42602862382222,9.00151204356218,2.0,33.57,14.0,24.0,100.0,trained,11.0,between,2,1,2
66,3,Strength,Enes,2023,18.820039585947264,17.24398900984055,2.0,33.57,14.0,24.0,100.0,trained,11.0,between,1,1,2
67,1,Hypertrophy,Van Vossel,2023,7.076305768711717,6.7676964061975085,2.0,6.947368,10.0,21.9,54.54,untrained,11.0,within,6,0,2
67,1,Strength,Van Vossel,2023,31.77028962177836,27.28055529631984,2.0,6.947368,10.0,21.9,54.54,untrained,11.0,within,4,0,2
67,2,Hypertrophy,Van Vossel,2023,7.761604823216405,7.298638443535395,3.0,10.5,10.0,22.3,50.0,untrained,10.0,within,6,0,3 or more
67,2,Strength,Van Vossel,2023,34.450324683309155,29.302404341248128,3.0,10.5,10.0,22.3,50.0,untrained,10.0,within,4,0,3 or more
68,1,Strength,Kennedy,2023,24.179301800253672,21.33750830103205,2.0,6.55,8.0,20.0,58.0,trained,12.0,between,6,1,2
68,2,Strength,Kennedy,2023,21.833754032779336,19.44030140503926,2.0,12.995833333333332,8.0,22.0,50.0,trained,14.0,between,6,1,2
69,1,Hypertrophy,Pedersen,2024,11.983471074380175,11.318109472301465,1.0,13.5,8.0,21.6,27.27,trained,11.0,between,1,1,1 or fewer
69,1,Strength,Pedersen,2024,10.941176470588232,10.382993314909534,1.0,13.5,8.0,21.6,27.27,trained,11.0,between,1,1,1 or fewer
69,2,Hypertrophy,Pedersen,2024,9.016393442622963,8.63280834884974,3.0,13.5,8.0,21.5,36.36,trained,11.0,between,1,1,3 or more
69,2,Strength,Pedersen,2024,16.820276497695865,15.54664694907784,3.0,13.5,8.0,21.5,36.36,trained,11.0,between,1,1,3 or more
